Date;Longitude;Latitude;COG;SOG;TWD;TWS;TWA;GWD;GWS;POL;TWA (calc);AWA (calc);AWS (calc);ALARM;OBSERVATIONS
20/11/2025 10:52:38;-1,7910683333;46,4886666667;150,0;4,8;10,2;8,1;-136,0;11,1;8,6;5,5;-134,8;259,0;5,7;Aucune;
20/11/2025 10:53:38;-1,7901716667;46,4876300000;142,0;4,7;12,9;7,4;-125,3;;;5,5;-125,1;270,2;6,0;Aucune;
20/11/2025 10:53:56;-1,7896916667;46,4873316667;120,0;5,3;14,2;8,6;-111,3;12,3;8,9;6,2;-106,8;283,8;8,2;Aucune;
20/11/2025 10:54:04;-1,7894183333;46,4872766667;96,0;5,4;7,2;9,4;-103,0;5,1;9,7;6,7;-96,8;289,7;9,7;Aucune;
20/11/2025 10:54:08;-1,7892766667;46,4872333333;118,0;6,6;11,9;9,4;-98,7;9,6;9,7;6,5;-104,1;296,7;10,4;Aucune;
20/11/2025 10:54:10;-1,7891966667;46,4872233333;96,0;5,7;12,9;9,6;-103,0;10,3;9,8;6,8;-95,1;290,8;10,0;Aucune;
20/11/2025 10:54:28;-1,7886200000;46,4871500000;120,0;5,6;21,5;8,1;-78,7;17,5;7,8;5,5;-89,5;308,0;10,1;Aucune;
20/11/2025 10:55:28;-1,7866666667;46,4863650000;137,0;5,7;25,2;9,5;-105,0;25,1;9,1;6,8;-105,8;290,7;9,8;Aucune;
20/11/2025 10:56:28;-1,7852683333;46,4853466667;138,0;4,8;3,5;9,4;-129,3;2,3;9,7;6,5;-130,5;261,8;7,3;AIS ;
20/11/2025 10:57:28;-1,7839916667;46,4842366667;137,0;4,7;12,2;8,3;-124,0;11,8;8,6;6,0;-122,8;269,9;6,9;AIS ;
20/11/2025 10:58:28;-1,7825966667;46,4831850000;135,0;5,6;5,5;9,5;-130,7;5,3;9,8;6,5;-128,5;262,2;7,3;AIS ;
20/11/2025 10:59:28;-1,7806916667;46,4820250000;136,0;6,4;26,2;10,8;-107,7;;;7,3;-106,8;284,8;10,6;AIS ;
20/11/2025 11:00:28;-1,7790483333;46,4808533333;134,0;5,5;17,2;8,9;-116,0;17,5;9,2;6,4;-114,8;277,9;8,1;AIS ;
20/11/2025 11:01:28;-1,7773833333;46,4796650000;134,0;5,7;17,5;10,3;-116,3;18,7;10,7;7,1;-115,5;275,8;9,3;AIS ;
20/11/2025 11:02:28;-1,7757700000;46,4785200000;133,0;6,2;9,2;10,8;-127,3;8,8;11,2;7,2;-121,8;263,8;8,6;AIS ;
20/11/2025 11:03:28;-1,7739050000;46,4773083333;140,0;6,0;11,2;11,5;-123,7;11,2;11,9;7,6;-124,8;266,4;9,6;AIS ;
20/11/2025 11:04:28;-1,7724833333;46,4760950000;134,0;6,3;7,9;11,7;-127,0;;;7,6;-124,1;264,0;9,4;Aucune;
20/11/2025 11:05:28;-1,7708583333;46,4748083333;135,0;6,9;27,2;12,0;-106,0;;;7,7;-106,8;287,9;12,1;Aucune;
20/11/2025 11:06:20;-1,7698400000;46,4737450000;157,0;4,3;12,2;8,0;-134,3;12,7;8,5;5,5;-133,8;256,5;5,9;AIS ;
20/11/2025 11:07:20;-1,7685500000;46,4724883333;139,0;5,6;16,2;11,7;-122,0;16,8;12,2;7,6;-122,8;267,6;9,9;Aucune;
20/11/2025 11:08:08;-1,7672850000;46,4714616667;169,0;5,4;36,2;11,4;-110,7;35,7;11,9;7,5;-121,8;277,9;10,8;Aucune;
20/11/2025 11:09:02;-1,7667516667;46,4701850000;147,0;5,9;2,2;12,0;-145,3;4,2;12,5;6,8;-140,8;238,6;8,0;Aucune;
20/11/2025 11:10:02;-1,7655866667;46,4690583333;143,0;5,2;6,2;10,3;-133,0;6,4;10,8;6,8;-132,8;254,6;7,8;Aucune;
20/11/2025 11:11:02;-1,7641933333;46,4678516667;137,0;6,4;5,9;10,4;-130,7;;;7,0;-129,1;260,0;8,0;Aucune;
20/11/2025 11:12:02;-1,7628816667;46,4667950000;130,0;6,0;17,5;10,3;-112,0;16,7;10,8;7,1;-109,5;279,6;9,7;Aucune;
20/11/2025 11:13:02;-1,7610666667;46,4657216667;130,0;6,5;22,9;10,0;-108,0;21,2;10,3;7,0;-105,1;284,8;9,8;Aucune;
20/11/2025 11:14:02;-1,7593833333;46,4646483333;138,0;5,1;19,2;9,3;-119,3;;;6,6;-121,8;278,0;8,2;AIS ;
20/11/2025 11:15:02;-1,7578466667;46,4635500000;132,0;6,4;21,2;8,0;-112,3;;;5,9;-109,8;288,9;7,8;AIS ;
20/11/2025 11:16:02;-1,7560766667;46,4623550000;135,0;6,5;22,9;10,7;-108,7;;;7,3;-111,1;285,2;10,5;AIS ;
20/11/2025 11:17:02;-1,7544083333;46,4611766667;133,0;5,9;21,9;10,2;-112,3;21,8;10,6;7,1;-112,1;283,2;9,7;AIS ;
20/11/2025 11:18:02;-1,7528466667;46,4600983333;139,0;4,7;31,9;7,3;-105,7;;;5,5;-104,1;290,1;7,5;Aucune;
20/11/2025 11:19:02;-1,7512966667;46,4590116667;136,0;4,8;30,9;9,1;-104,7;;;6,6;-105,1;289,3;9,3;Aucune;
20/11/2025 11:20:02;-1,7499850000;46,4580250000;137,0;6,0;22,9;6,8;-112,7;;;5,3;-110,1;293,0;6,8;Aucune;
20/11/2025 11:21:02;-1,7485333333;46,4568633333;139,0;5,0;31,5;7,8;-106,0;;;5,8;-105,5;293,6;8,2;Aucune;
20/11/2025 11:22:02;-1,7471400000;46,4558750000;134,0;4,3;31,2;6,9;-102,3;;;5,2;-101,8;287,3;7,1;Aucune;
20/11/2025 11:23:02;-1,7454266667;46,4548233333;129,0;5,5;35,5;7,7;-92,0;;;5,4;-89,5;302,7;9,1;Aucune;
20/11/2025 11:24:02;-1,7439083333;46,4537650000;137,0;4,6;28,2;6,5;-109,7;;;5,1;-107,8;287,3;6,4;Aucune;
20/11/2025 11:25:02;-1,7424083333;46,4526883333;132,0;5,6;34,9;9,1;-95,3;;;6,2;-95,1;299,1;10,4;Aucune;
20/11/2025 11:26:02;-1,7406650000;46,4515650000;131,0;5,6;27,5;8,5;-101,7;;;6,1;-102,5;295,0;9,2;Aucune;
20/11/2025 11:27:02;-1,7390966667;46,4504733333;140,0;4,8;29,9;7,2;-110,0;;;5,5;-108,1;288,1;7,1;Aucune;
20/11/2025 11:28:02;-1,7375150000;46,4494266667;132,0;5,4;29,5;8,3;-101,0;;;6,0;-100,5;295,0;9,0;Aucune;
20/11/2025 11:29:02;-1,7359300000;46,4484333333;133,0;5,3;27,2;7,2;-105,3;23,4;7,4;5,5;-101,8;293,1;7,6;Aucune;
20/11/2025 11:30:02;-1,7343666667;46,4474683333;134,0;4,5;34,2;5,5;-98,0;;;4,4;-96,8;296,1;6,1;Aucune;
20/11/2025 11:31:02;-1,7328416667;46,4464183333;135,0;5,6;29,2;9,2;-104,3;;;6,6;-104,8;290,6;9,5;Aucune;
20/11/2025 11:32:02;-1,7313716667;46,4454433333;133,0;5,4;11,2;7,0;-119,3;;;5,3;-117,8;277,8;6,2;Aucune;
20/11/2025 11:33:02;-1,7298050000;46,4445400000;129,0;6,6;34,9;8,0;-90,7;;;5,6;-92,1;307,4;10,1;Aucune;
20/11/2025 11:34:02;-1,7282766667;46,4434466667;139,0;5,2;24,2;7,3;-113,0;;;5,5;-110,8;288,0;7,1;Aucune;
20/11/2025 11:35:02;-1,7268333333;46,4423850000;133,0;4,8;24,6;6,8;-107,3;;;5,3;-107,4;291,9;7,0;Aucune;
20/11/2025 11:36:02;-1,7253716667;46,4413950000;132,0;5,7;27,6;8,9;-103,0;24,5;9,3;6,4;-103,4;293,7;9,5;Aucune;
20/11/2025 11:37:02;-1,7236533333;46,4402900000;134,0;6,5;29,9;9,1;-103,3;;;6,5;-99,1;294,2;9,7;Aucune;
20/11/2025 11:38:02;-1,7219000000;46,4391933333;136,0;5,9;31,9;8,2;-100,0;;;5,9;-100,1;297,7;9,1;Aucune;
20/11/2025 11:39:02;-1,7202550000;46,4380500000;139,0;5,9;29,2;9,9;-105,7;;;7,0;-104,8;289,2;10,1;Aucune;
20/11/2025 11:40:02;-1,7183716667;46,4368183333;134,0;6,3;24,9;10,1;-109,0;;;7,1;-107,1;284,4;9,9;Aucune;
20/11/2025 11:41:02;-1,7168083333;46,4357016667;133,0;4,6;13,9;6,9;-120,3;;;5,3;-122,1;274,3;6,0;Aucune;
20/11/2025 11:42:02;-1,7155850000;46,4347483333;137,0;5,7;21,9;8,9;-115,3;19,0;9,3;6,4;-115,1;280,5;8,2;Aucune;
20/11/2025 11:43:02;-1,7138983333;46,4335016667;133,0;5,7;20,9;9,7;-112,3;;;6,8;-114,1;284,6;9,3;Aucune;
20/11/2025 11:44:02;-1,7122833333;46,4323200000;136,0;6,5;20,9;9,9;-116,7;;;6,9;-112,1;276,3;8,9;Aucune;
20/11/2025 11:45:02;-1,7107000000;46,4310950000;140,0;4,8;21,9;9,2;-116,0;;;6,6;-115,1;278,8;8,4;Aucune;
20/11/2025 11:46:02;-1,7094400000;46,4300850000;137,0;4,4;15,9;7,0;-123,0;;;5,3;-121,1;271,4;5,9;Aucune;
20/11/2025 11:47:02;-1,7080516667;46,4290283333;134,0;6,0;21,9;8,2;-114,3;17,9;8,6;6,0;-109,1;283,0;7,7;Aucune;
20/11/2025 11:48:02;-1,7065000000;46,4277633333;145,0;5,1;21,2;8,2;-119,0;;;6,0;-119,8;278,6;7,3;Aucune;
20/11/2025 11:49:02;-1,7049166667;46,4265566667;137,0;5,9;20,2;9,3;-114,7;;;6,6;-114,8;283,5;8,7;Aucune;
20/11/2025 11:50:02;-1,7035416667;46,4254550000;143,0;4,8;21,2;7,2;-115,7;;;5,5;-115,8;278,6;6,6;Aucune;
20/11/2025 11:51:02;-1,7020883333;46,4242983333;138,0;5,1;17,6;8,4;-121,0;;;6,1;-119,4;271,1;7,2;Aucune;
20/11/2025 11:52:02;-1,7007966667;46,4231033333;147,0;4,5;27,2;6,3;-116,7;;;5,0;-114,8;280,8;5,7;Aucune;
20/11/2025 11:53:02;-1,6998033333;46,4220800000;146,0;5,9;26,9;8,4;-120,0;23,0;9,0;6,1;-119,1;274,4;7,3;Aucune;
20/11/2025 11:54:00;-1,6989050000;46,4209250000;171,0;4,2;14,2;9,1;-146,7;12,3;9,7;5,5;-149,8;235,7;6,1;Aucune;
20/11/2025 11:54:04;-1,6989100000;46,4208500000;207,0;3,3;30,6;9,0;-153,0;28,2;9,5;5,1;-163,4;223,1;6,0;Aucune;
20/11/2025 11:54:06;-1,6989400000;46,4208283333;231,0;3,4;47,6;8,1;-159,3;44,4;8,5;4,4;-170,4;213,1;5,2;Aucune;
20/11/2025 11:54:08;-1,6989816667;46,4208200000;253,0;2,5;65,6;8,0;-162,7;61,1;8,2;4,2;179,6;209,8;4,8;Aucune;
20/11/2025 11:54:12;-1,6990650000;46,4208150000;271,0;3,7;76,9;10,2;173,3;73,6;10,3;3,2;167,9;169,7;6,6;Aucune;
20/11/2025 11:54:22;-1,6993416667;46,4208633333;294,0;5,0;66,6;13,4;139,0;64,5;13,6;7,6;134,6;116,3;9,8;Aucune;
20/11/2025 11:55:22;-1,7011133333;46,4215366667;299,0;5,1;43,2;9,0;104,7;;;6,5;104,2;69,4;9,3;Aucune;
20/11/2025 11:56:22;-1,7027100000;46,4221850000;304,0;3,5;44,2;7,9;98,3;;;5,7;103,2;66,6;8,5;Aucune;
20/11/2025 11:57:22;-1,7040150000;46,4227683333;304,0;4,1;53,6;7,5;108,0;;;5,6;111,6;71,1;7,5;AIS ;
20/11/2025 11:58:22;-1,7056083333;46,4235116667;301,0;4,3;42,9;8,2;101,0;;;5,9;105,9;64,8;8,9;AIS ;
20/11/2025 11:59:22;-1,7072650000;46,4242000000;297,0;5,0;35,2;8,5;95,0;31,5;8,6;5,9;96,2;62,1;9,6;AIS ;
20/11/2025 12:00:22;-1,7087883333;46,4247866667;298,0;3,9;40,2;5,9;97,3;;;4,6;99,2;62,5;6,6;AIS ;
20/11/2025 12:01:22;-1,7101450000;46,4253616667;304,0;4,5;38,2;7,6;94,0;;;5,4;94,2;58,0;8,9;Aucune;
20/11/2025 12:02:22;-1,7117866667;46,4260883333;305,0;4,3;39,9;8,2;97,7;;;5,8;96,9;61,6;9,2;Aucune;
20/11/2025 12:03:22;-1,7134183333;46,4267833333;298,0;5,2;30,6;8,5;88,7;;;5,8;89,6;55,1;10,4;Aucune;
20/11/2025 12:04:22;-1,7151216667;46,4274700000;301,0;4,8;39,2;8,5;97,7;;;6,0;97,2;63,4;9,4;Aucune;
20/11/2025 12:05:22;-1,7170116667;46,4283200000;302,0;6,2;44,9;10,3;99,0;40,8;10,4;6,9;100,9;63,0;11,4;Aucune;
20/11/2025 12:06:22;-1,7188166667;46,4289933333;298,0;5,2;46,2;9,5;103,3;;;6,7;105,2;68,4;9,9;Aucune;
20/11/2025 12:07:22;-1,7205566667;46,4296583333;300,0;5,3;39,6;8,8;97,3;36,0;8,9;6,1;98,6;61,9;9,9;Aucune;
20/11/2025 12:08:22;-1,7223600000;46,4303750000;296,0;5,3;31,6;9,4;92,0;;;6,4;92,6;62,6;10,6;Aucune;
20/11/2025 12:09:22;-1,7239800000;46,4310233333;300,0;5,2;33,2;8,3;93,7;30,1;8,4;5,8;96,2;59,6;9,6;Aucune;
20/11/2025 12:10:22;-1,7257933333;46,4317783333;298,0;5,8;35,9;9,5;90,3;;;6,4;93,9;56,6;11,4;Aucune;
20/11/2025 12:11:22;-1,7274966667;46,4324600000;297,0;4,1;52,2;7,5;111,0;;;5,7;112,2;72,4;7,3;Aucune;
20/11/2025 12:12:22;-1,7291900000;46,4331400000;296,0;5,1;37,6;8,4;97,0;34,4;8,5;5,9;98,6;63,9;9,3;Aucune;
20/11/2025 12:13:22;-1,7310000000;46,4337966667;298,0;5,5;41,5;9,3;104,0;;;6,6;104,5;67,5;9,8;AIS ;
20/11/2025 12:14:22;-1,7328216667;46,4345000000;302,0;5,5;40,9;9,4;97,0;;;6,5;96,9;62,4;10,5;AIS ;
20/11/2025 12:15:22;-1,7344200000;46,4351950000;302,0;3,6;41,5;7,0;96,7;38,6;7,3;5,2;95,5;70,7;7,4;AIS ;
20/11/2025 12:16:22;-1,7359816667;46,4358833333;300,0;5,4;51,2;9,4;106,0;;;6,7;107,2;71,9;9,5;AIS ;
20/11/2025 12:17:22;-1,7376116667;46,4364766667;301,0;4,6;34,2;8,9;96,3;31,1;9,0;6,2;93,2;66,6;9,6;AIS ;
20/11/2025 12:18:22;-1,7391000000;46,4371566667;307,0;3,9;29,2;6,9;85,3;;;4,9;83,2;54,9;8,4;Aucune;
20/11/2025 12:19:22;-1,7404466667;46,4377933333;300,0;3,6;38,2;6,1;95,0;;;4,7;98,2;62,5;6,9;Aucune;
20/11/2025 12:20:22;-1,7417766667;46,4383833333;307,0;4,3;32,5;7,6;87,3;;;5,3;89,5;58,0;9,0;Aucune;
20/11/2025 12:21:22;-1,7431216667;46,4390100000;309,0;4,5;32,5;7,7;87,7;30,2;7,8;5,4;87,5;54,9;9,4;Aucune;
20/11/2025 12:22:22;-1,7448550000;46,4399150000;309,0;5,1;33,5;9,9;87,0;;;6,6;84,5;56,4;11,9;Aucune;
20/11/2025 12:23:22;-1,7464950000;46,4406450000;301,0;4,7;37,9;7,8;94,3;;;5,5;97,9;60,4;8,9;Aucune;
20/11/2025 12:24:22;-1,7481100000;46,4413700000;300,0;4,7;23,5;8,0;82,0;19,7;8,2;5,5;80,5;51,5;10,1;Aucune;
20/11/2025 12:25:22;-1,7494650000;46,4419550000;301,0;4,4;23,9;7,9;78,3;22,4;8,1;5,4;79,9;52,7;9,7;Aucune;
20/11/2025 12:26:22;-1,7510616667;46,4426650000;300,0;4,1;33,2;8,1;91,3;29,7;8,1;5,7;93,2;61,3;9,2;Aucune;
20/11/2025 12:27:22;-1,7526416667;46,4433516667;299,0;5,0;32,5;8,3;92,0;;;5,8;95,5;59,0;9,7;Aucune;
20/11/2025 12:28:22;-1,7542566667;46,4440050000;299,0;5,5;40,9;9,2;102,0;38,5;9,1;6,5;100,9;65,0;9,9;AIS ;
20/11/2025 12:29:22;-1,7561616667;46,4448083333;301,0;4,3;25,2;8,2;87,0;;;5,7;85,2;57,9;9,7;AIS ;
20/11/2025 12:30:22;-1,7577533333;46,4454666667;299,0;5,2;44,5;8,1;103,3;41,6;8,1;5,9;102,5;69,1;8,4;AIS ;
20/11/2025 12:31:22;-1,7590150000;46,4460150000;302,0;2,4;0,2;6,3;58,7;;;3,9;60,2;42,0;8,0;AIS ;
20/11/2025 12:32:22;-1,7601250000;46,4465200000;298,0;3,7;16,5;8,7;78,0;15,4;9,4;5,8;75,5;55,2;10,4;AIS ;
20/11/2025 12:33:22;-1,7616666667;46,4471450000;301,0;5,4;0,5;10,7;57,7;359,2;11,1;5,2;56,5;39,0;14,4;AIS ;
20/11/2025 12:34:22;-1,7633916667;46,4478383333;295,0;4,8;10,2;9,1;73,3;;;6,0;74,2;49,4;11,5;Aucune;
20/11/2025 12:35:22;-1,7649933333;46,4484200000;295,0;5,0;11,9;7,7;74,3;;;5,3;73,9;45,9;10,3;Aucune;
20/11/2025 12:36:22;-1,7667900000;46,4490350000;298,0;5,9;15,5;10,1;74,3;;;6,5;71,5;47,3;13,2;Aucune;
20/11/2025 12:37:22;-1,7687166667;46,4498816667;302,0;6,1;29,9;10,4;85,0;26,6;10,8;6,7;83,9;55,1;12,6;Aucune;
20/11/2025 12:38:22;-1,7706300000;46,4506300000;298,0;5,5;11,9;9,1;72,7;;;6,0;74,9;47,8;11,7;Aucune;
20/11/2025 12:39:22;-1,7723200000;46,4512816667;296,0;2,8;353,5;8,0;59,7;;;4,5;58,5;43,3;10,1;Aucune;
20/11/2025 12:40:22;-1,7737583333;46,4517083333;309,0;5,3;26,9;8,6;79,0;;;5,8;78,9;48,5;11,3;Aucune;
20/11/2025 12:41:22;-1,7753616667;46,4523183333;289,0;3,0;0,5;6,5;63,3;356,7;6,8;4,2;67,5;43,4;8,5;Aucune;
20/11/2025 12:42:22;-1,7766350000;46,4525450000;293,0;4,5;11,2;8,8;80,7;;;5,9;74,2;50,9;11,2;Aucune;
20/11/2025 12:43:22;-1,7782483333;46,4531266667;300,0;4,4;23,2;8,2;80,7;19,0;8,6;5,6;80,2;50,2;10,5;Aucune;
20/11/2025 12:44:22;-1,7797683333;46,4538133333;297,0;4,5;2,9;9,2;58,3;;;4,8;61,9;39,1;12,4;AIS ;
20/11/2025 12:45:22;-1,7814883333;46,4545266667;304,0;4,3;17,9;8,5;75,3;13,7;9,0;5,7;75,9;47,0;11,2;AIS ;
20/11/2025 12:46:22;-1,7830283333;46,4552233333;303,0;4,3;23,5;7,6;79,0;19,4;8,0;5,2;80,5;49,7;9,8;AIS ;
20/11/2025 12:46:46;-1,7836050000;46,4554233333;282,0;3,5;351,5;6,7;59,0;350,5;7,2;4,1;63,5;40,1;8,9;AIS ;
20/11/2025 12:47:46;-1,7847866667;46,4556316667;291,0;3,8;6,9;6,7;76,3;4,2;7,0;4,7;76,9;49,0;8,6;AIS ;
20/11/2025 12:48:36;-1,7860366667;46,4560466667;312,0;5,0;35,2;9,4;83,3;31,8;9,8;6,3;81,2;52,7;11,7;Aucune;
20/11/2025 12:49:36;-1,7875116667;46,4566966667;292,0;4,1;11,9;6,8;72,3;8,0;7,2;4,8;73,9;46,7;8,9;AIS ;
20/11/2025 12:50:36;-1,7889450000;46,4570900000;289,0;3,6;15,9;6,3;78,3;;;4,5;83,9;52,2;7,8;AIS ;
20/11/2025 12:51:36;-1,7903150000;46,4575816667;300,0;4,3;35,9;8,4;93,3;32,1;8,6;5,8;95,9;62,3;9,5;AIS ;
20/11/2025 12:52:30;-1,7914800000;46,4579150000;280,0;2,9;350,9;7,0;67,0;351,4;7,4;4,7;67,9;49,0;8,5;AIS ;
20/11/2025 12:53:02;-1,7923050000;46,4581416667;304,0;4,5;37,9;7,5;95,0;33,9;7,7;5,4;93,9;59,2;8,7;AIS ;
20/11/2025 12:54:02;-1,7935700000;46,4586733333;303,0;3,4;8,2;7,6;64,0;;;4,7;63,2;42,9;10,0;AIS ;
20/11/2025 12:55:02;-1,7949466667;46,4592533333;295,0;4,6;19,9;8,2;77,7;;;5,6;76,9;51,3;10,3;AIS ;
20/11/2025 12:56:01;-1,7965100000;46,4598100000;296,0;5,8;23,2;8,5;86,0;;;5,8;86,2;52,6;10,7;AIS ;
20/11/2025 12:57:01;-1,7980950000;46,4605983333;312,0;4,2;27,5;8,2;76,3;;;5,5;77,5;47,2;10,9;AIS ;
20/11/2025 12:58:01;-1,7996300000;46,4613833333;309,0;4,8;32,5;9,7;84,7;;;6,4;84,5;54,7;11,8;Aucune;
20/11/2025 12:59:01;-1,8013016667;46,4622033333;306,0;5,2;33,9;9,4;88,0;;;6,3;89,9;57,1;11,2;AIS ;
20/11/2025 13:00:01;-1,8028116667;46,4628816667;301,0;3,6;17,2;6,4;79,0;;;4,6;79,2;52,0;8,0;AIS ;
20/11/2025 13:01:01;-1,8043583333;46,4633550000;295,0;5,0;15,5;8,2;79,7;;;5,6;83,5;50,6;10,4;AIS ;
20/11/2025 13:02:01;-1,8059166667;46,4639100000;310,0;4,1;43,5;8,8;95,7;;;6,1;94,5;68,3;9,4;AIS ;
20/11/2025 13:03:01;-1,8070383333;46,4644950000;304,0;3,3;29,2;6,7;82,7;;;4,8;86,2;56,5;8,0;AIS ;
20/11/2025 13:04:01;-1,8083033333;46,4651083333;304,0;3,5;7,2;6,9;61,3;;;4,3;61,2;40,4;9,3;AIS ;
20/11/2025 13:05:01;-1,8094550000;46,4655983333;294,0;3,7;12,2;6,9;73,3;9,2;7,1;4,8;79,2;45,9;9,2;AIS ;
20/11/2025 13:05:48;-1,8106066667;46,4662100000;314,0;3,9;34,9;6,4;85,3;30,5;6,5;4,7;85,9;52,4;8,1;AIS ;
20/11/2025 13:06:47;-1,8118083333;46,4668516667;305,0;4,0;27,2;7,0;81,3;24,0;7,1;4,9;88,2;53,3;8,6;AIS ;
20/11/2025 13:07:47;-1,8132050000;46,4674816667;302,0;4,1;33,5;6,6;89,3;;;4,8;89,5;60,7;7,6;AIS ;
20/11/2025 13:08:47;-1,8144850000;46,4682783333;308,0;4,2;20,2;8,6;72,7;17,0;8,9;5,7;73,2;50,5;10,6;Aucune;
20/11/2025 13:09:47;-1,8157650000;46,4688766667;299,0;3,3;7,9;8,2;64,3;;;5,0;66,9;47,3;10,1;Aucune;
20/11/2025 13:10:47;-1,8170883333;46,4694433333;308,0;3,6;27,2;6,1;83,0;;;4,5;82,2;53,8;7,5;Aucune;
20/11/2025 13:11:47;-1,8182266667;46,4699100000;312,0;3,5;35,5;7,3;90,7;;;5,2;89,5;62,5;8,2;Aucune;
20/11/2025 13:12:47;-1,8191733333;46,4703216667;314,0;3,4;27,2;6,6;79,3;;;4,7;75,2;53,1;8,1;Aucune;
20/11/2025 13:13:47;-1,8205083333;46,4709183333;303,0;3,7;32,9;6,7;92,0;;;4,9;92,9;58,2;7,9;Aucune;
20/11/2025 13:14:47;-1,8216333333;46,4713916667;302,0;3,5;20,2;7,3;76,0;;;5,1;76,2;55,8;8,6;Aucune;
20/11/2025 13:15:47;-1,8227583333;46,4718866667;300,0;3,1;21,2;6,8;81,0;17,8;6,9;4,8;81,2;57,2;8,0;Aucune;
20/11/2025 13:16:47;-1,8241566667;46,4724900000;299,0;4,7;32,5;7,7;90,7;;;5,4;93,5;58,2;9,1;Aucune;
20/11/2025 13:17:47;-1,8254733333;46,4730633333;304,0;5,0;29,2;8,6;84,0;;;5,8;84,2;51,8;10,9;Aucune;
20/11/2025 13:18:47;-1,8269366667;46,4738066667;307,0;3,6;34,5;7,6;86,7;;;5,3;87,5;58,6;8,9;AIS ;
20/11/2025 13:19:47;-1,8281583333;46,4744883333;308,0;3,6;26,2;7,3;74,7;23,5;7,5;5,0;76,2;48,9;9,3;AIS ;
20/11/2025 13:20:47;-1,8292633333;46,4752283333;314,0;4,0;50,5;7,2;91,7;47,3;7,4;5,2;95,5;58,5;8,4;AIS ;
20/11/2025 13:21:47;-1,8304350000;46,4761316667;313,0;4,2;31,2;8,4;75,0;28,4;8,7;5,6;75,2;50,8;10,5;AIS ;
20/11/2025 13:22:15;-1,8309966667;46,4765216667;346,0;3,4;41,8;8,0;77,0;39,2;8,3;5,4;67,8;53,5;9,7;AIS ;
20/11/2025 13:22:17;-1,8309883333;46,4765500000;8,0;2,9;54,5;8,0;67,3;51,6;8,1;5,1;62,5;50,8;9,5;AIS ;
20/11/2025 13:22:19;-1,8309666667;46,4765700000;34,0;2,4;66,2;8,1;54,0;63,1;8,1;4,3;41,2;44,4;9,4;AIS ;
20/11/2025 13:22:23;-1,8309233333;46,4765883333;59,0;2,0;80,5;8,4;44,0;77,1;8,2;3,8;26,5;41,5;8,8;AIS ;
20/11/2025 13:22:27;-1,8308716667;46,4765966667;79,0;2,0;83,2;8,0;13,7;79,5;7,6;0,3;10,2;12,9;8,4;AIS ;
20/11/2025 13:22:31;-1,8308033333;46,4765900000;98,0;3,0;82,9;8,7;-4,3;79,0;8,1;0,0;-8,1;356,1;9,6;AIS ;
20/11/2025 13:22:51;-1,8300983333;46,4766350000;75,0;5,6;20,9;8,8;-66,0;14,7;8,2;5,4;-56,1;318,1;12,0;Aucune;
20/11/2025 13:23:51;-1,8284666667;46,4769683333;80,0;5,2;22,9;7,6;-61,0;;;4,5;-64,1;321,2;10,6;Aucune;
20/11/2025 13:24:51;-1,8265500000;46,4773550000;72,0;4,3;6,9;7,3;-69,3;6,9;6,6;5,0;-77,1;316,9;10,0;Aucune;
20/11/2025 13:25:51;-1,8247083333;46,4776500000;79,0;4,9;17,2;5,7;-63,3;;;3,9;-62,8;317,4;7,5;Aucune;
20/11/2025 13:26:51;-1,8229866667;46,4780116667;65,0;5,1;11,5;9,7;-60,0;;;5,0;-60,5;321,6;13,5;Aucune;
20/11/2025 13:27:51;-1,8208550000;46,4786433333;72,0;5,9;4,2;6,9;-65,3;;;4,5;-67,8;322,8;10,4;Aucune;
20/11/2025 13:28:51;-1,8190916667;46,4791550000;67,0;6,8;352,9;9,0;-78,0;350,6;8,4;6,0;-77,1;312,0;11,8;Aucune;
20/11/2025 13:29:51;-1,8170400000;46,4799016667;79,0;4,2;40,2;7,6;-41,3;;;3,3;-40,8;331,8;10,6;Aucune;
20/11/2025 13:30:51;-1,8151933333;46,4799900000;88,0;4,2;40,5;6,5;-53,0;42,8;5,9;3,7;-50,5;326,7;9,5;Aucune;
20/11/2025 13:31:51;-1,8133366667;46,4802150000;87,0;4,2;37,2;8,0;-47,3;;;3,9;-51,8;326,0;10,5;Aucune;
20/11/2025 13:32:15;-1,8126766667;46,4801850000;108,0;3,5;61,5;5,8;-43,7;61,8;5,0;2,9;-45,5;329,4;7,9;Aucune;
20/11/2025 13:32:25;-1,8124016667;46,4801516667;86,0;4,7;30,2;7,7;-69,0;25,6;7,1;5,1;-61,8;316,9;10,5;AIS ;
20/11/2025 13:33:25;-1,8102166667;46,4803933333;82,0;4,6;30,2;8,0;-54,7;;;4,3;-55,8;325,3;11,5;Aucune;
20/11/2025 13:34:25;-1,8082283333;46,4807716667;65,0;6,1;5,5;9,3;-65,3;;;5,5;-62,5;318,3;12,7;Aucune;
20/11/2025 13:35:25;-1,8063850000;46,4812433333;79,0;4,5;37,2;7,1;-39,7;38,4;6,4;3,1;-38,8;331,1;9,4;Aucune;
20/11/2025 13:36:25;-1,8044333333;46,4813983333;73,0;5,8;13,9;7,5;-65,7;;;4,8;-62,1;319,5;10,5;Aucune;
20/11/2025 13:37:25;-1,8024450000;46,4817816667;67,0;5,0;3,5;7,2;-68,7;;;4,9;-68,5;317,5;9,9;Aucune;
20/11/2025 13:38:25;-1,8007000000;46,4822533333;67,0;5,5;358,9;6,2;-73,3;353,1;5,6;4,4;-73,1;318,1;8,9;Aucune;
20/11/2025 13:39:25;-1,7988133333;46,4829666667;58,0;4,8;6,2;8,9;-59,0;5,1;8,2;4,7;-57,8;321,1;12,1;Aucune;
20/11/2025 13:39:45;-1,7982800000;46,4831183333;80,0;5,0;28,9;6,2;-51,3;28,8;5,3;3,5;-56,1;325,5;8,5;Aucune;
20/11/2025 13:40:45;-1,7966083333;46,4834766667;65,0;5,4;10,5;6,6;-55,7;;;3,9;-55,5;326,7;9,9;Aucune;
20/11/2025 13:41:45;-1,7949983333;46,4840916667;63,0;5,3;20,9;6,6;-44,0;18,2;5,8;3,2;-42,1;330,5;9,3;Aucune;
20/11/2025 13:42:45;-1,7931500000;46,4848200000;61,0;4,3;9,9;6,4;-57,0;9,4;5,7;3,9;-56,1;323,3;9,0;Aucune;
20/11/2025 13:43:45;-1,7921283333;46,4852233333;69,0;1,9;42,9;8,3;-19,3;;;0,5;-20,1;341,0;8,5;Aucune;
20/11/2025 13:44:45;-1,7914150000;46,4854033333;67,0;2,0;37,5;7,7;-33,3;;;2,7;-31,5;331,9;9,0;Aucune;
